epochs,train_loss,train_acc,val_acc
1,3.7512682265873196,0.04556962025316456,0.09523809523809523
