{"model_arch": "r3d", "block_arch": 34, "nmp": "_0-mp", "num_frames": 30, "nl_nums": 3, "pre_trained": false, "epochs": [1, 2, 3, 4, 5, 6, 7, 8, 9, 10], "train_loss": [1.76708008829341, 0.6222710916487633, 0.38696313720168035, 0.1411459655599129, 0.07838054686078634, 0.039774779145286834, 0.014635717028710341, 0.011625076692408838, 0.009495435856374636, 0.007680420777131666], "train_acc": [0.45448794723435837, 0.7910376005802872, 0.8715777399166681, 0.9547662826200638, 0.9765523523557295, 0.9901823518496652, 0.9973600310386127, 0.9978998329987686, 0.9983299876857678, 0.9987770111840218], "val_acc": [0.6175018597416649, 0.7345641441806993, 0.8005004395753026, 0.8353283289375804, 0.8379657807533645, 0.8285656319740312, 0.830053425306012, 0.8274836004598634, 0.826604449854602, 0.830053425306012]}