{"model_arch": "d3d", "block_arch": 121, "nmp": "_0-mp", "pre_trained": false, "epochs": [1, 2, 3, 4, 5, 6, 7, 8, 9, 10], "train_loss": [2.568068685268843, 0.8526368078049736, 0.5157940631479611, 0.383392096823295, 0.31307132434619017, 0.18295622823179086, 0.15221818031075168, 0.13494381238036202, 0.1206432044364004, 0.10974214849403616], "train_acc": [0.24533155648521449, 0.7222044162547865, 0.8379750678969653, 0.8807543732393178, 0.9023042796174153, 0.9433292285892613, 0.9530540982776944, 0.9584015114454885, 0.9624078541185203, 0.9662202054621211], "val_acc": [0.6020152836951376, 0.8069926286603097, 0.8700885913302225, 0.8984919185771285, 0.9045783458443227, 0.9310204909717995, 0.9333198079394063, 0.931493879759248, 0.9335903158179482, 0.9308176100628931]}