{"model_arch": "nl3d", "block_arch": 50, "nmp": "_0-mp", "pre_trained": false, "epochs": [1, 2], "train_loss": [79.10519664015358, 454.6229705402296], "train_acc": [0.049789029535864976, 0.04556962025316456], "val_acc": [0.013605442176870748, 0.05442176870748299]}