{"model_arch": "r3d", "block_arch": 50, "nmp": "_0-mp", "pre_trained": false, "epochs": [1, 2, 3, 4, 5, 6, 7, 8, 9, 10], "train_loss": [2.7317658546083794, 0.9542778684584736, 0.512746716846424, 0.3632355327802266, 0.27734260348431045, 0.10351338467450508, 0.060812577531999965, 0.03585717052825495, 0.019159878284092966, 0.00877924189541573], "train_acc": [0.20692970766350097, 0.6856497022654814, 0.8347784281641673, 0.8824075167422951, 0.9097602941920683, 0.9672745061655506, 0.9816720365715828, 0.990393211990351, 0.9957912315919097, 0.99868423272212], "val_acc": [0.4129979035639413, 0.6945289781564888, 0.7785893014134037, 0.804828565631974, 0.808277541083384, 0.8368837492391966, 0.8383039156015419, 0.8284303780347603, 0.8294447825792927, 0.8339757895448705]}