{"model_arch": "t3d", "block_arch": 121, "nmp": "_0-mp", "pre_trained": false, "epochs": [1], "train_loss": [3.3413247515339073], "train_acc": [0.1433389544688027], "val_acc": [0.10810810810810811]}