{"model_arch": "nl3d", "block_arch": 34, "nmp": "_0-mp", "pre_trained": false, "epochs": [1, 2, 3, 4, 5, 6, 7, 8, 9, 10], "train_loss": [3.135851036816773, 2.2546697278080563, 1.9631607832607527, 1.615502947023184, 1.4387024446844008, 0.9491891595414974, 0.8214961298041418, 0.7289859749991702, 0.6318624698058384, 0.5472250500217917], "train_acc": [0.1123715861743223, 0.3142743880838717, 0.39263845076837434, 0.4889256254111773, 0.5408393920480423, 0.6912501476020985, 0.7302424048177325, 0.7613484927717143, 0.7951198529039658, 0.8252222465882829], "val_acc": [0.03712720632988436, 0.10840603232569149, 0.1343071616960844, 0.03509839724081964, 0.06573341448569689, 0.1140866977750727, 0.03712720632988436, 0.12964090079123555, 0.03469263542300669, 0.12544802867383512]}