{"model_arch": "t3d", "block_arch": 121, "nmp": "_0-mp", "pre_trained": true, "epochs": [11, 12, 13, 14, 15, 16, 17, 18, 19, 20, 21, 22, 23, 24, 25], "train_loss": [0.33590229798689464, 0.30236477205950446, 0.26726629837834553, 0.23936768984725124, 0.21709153129543865, 0.12422544897031398, 0.09976016508185072, 0.08771077026007966, 0.0777937855285666, 0.07144267579307827, 0.05925211135446294, 0.05691915687925665, 0.05602706271710774, 0.0545587797209149, 0.05395040235889654], "train_acc": [0.8934312848973532, 0.904235758506098, 0.916263220930821, 0.9235505473929252, 0.930829439449402, 0.9616234543951687, 0.9692903291105076, 0.9730858116428536, 0.9763246234037888, 0.9776909971154333, 0.9824564362949343, 0.9833504832914425, 0.983476999375854, 0.9836203842715204, 0.9839493260909904], "val_acc": [0.8895651585852438, 0.9063366470548455, 0.9089740988706296, 0.9087035909920876, 0.9174950970447014, 0.9319672685466964, 0.9331169270304998, 0.9343342124839386, 0.9344018394535741, 0.9342665855143031, 0.9343342124839386, 0.9340637046053967, 0.9332521809697707, 0.9344694664232096, 0.9329816730912288]}