{"model_arch": "r3d", "block_arch": 34, "nmp": "_0-mp", "num_frames": 30, "nl_nums": 3, "pre_trained": false, "epochs": [1], "train_loss": [3.884569846879581], "train_acc": [0.043037974683544304], "val_acc": [0.04081632653061224]}