epochs,train_loss,train_acc,val_acc
1,2.175215115,0.34192237,0.49786975
2,0.637522285,0.793205243,0.698180835
3,0.39791507,0.873222449,0.739500913
4,0.295750959,0.904986421,0.785554879
5,0.227143233,0.926873703,0.788124704
6,0.115212988,0.963571802,0.815919389
7,0.072995927,0.976704172,0.817542436
8,0.049650805,0.98382281,0.79691621
9,0.035034604,0.988588249,0.797389599
10,0.027748221,0.9905619,0.802461622
