epochs,train_loss,train_acc,val_acc
1,3.3413247515339073,0.1433389544688027,0.10810810810810811
