epochs,train_loss,train_acc,val_acc
1,4.700387396515673,0.04388185654008439,0.047619047619047616
