epochs,train_loss,train_acc,val_acc
1,79.10519664015358,0.049789029535864976,0.013605442176870748
2,454.6229705402296,0.04556962025316456,0.05442176870748299
