epochs,train_loss,train_acc,val_acc
1,3.884569846879581,0.043037974683544304,0.04081632653061224
