epochs,train_loss,train_acc,val_acc
1,3.861603272866599,0.049789029535864976,0.047619047619047616
