epochs,train_loss,train_acc,val_acc
1,3.9069379763261174,0.03713080168776371,0.05442176870748299
