epochs,train_loss,train_acc,val_acc
1,3.984905307302998,0.036286919831223625,0.04081632653061224
